{
    "train": {
        "loss": 0.5930396914482117,
        "accuracy": 0.6792500019073486
    },
    "eval": {
        "loss": 0.5718325972557068,
        "accuracy": 0.7147177457809448
    },
    "step": 9
}
