step	accuracy
0	0.5720766186714172
1	0.5871976017951965
2	0.625
3	0.6799395084381104
4	0.6819556355476379
5	0.6748992204666138
6	0.6910282373428345
7	0.7071572542190552
8	0.7142137289047241
9	0.7147177457809448
