step	loss
0	0.6711407899856567
1	0.6628091335296631
2	0.6450965404510498
3	0.615207850933075
4	0.5974407196044922
5	0.6025172472000122
6	0.5901092290878296
7	0.5677425861358643
8	0.5557254552841187
9	0.5718325972557068
